{
  "Notification": {
    "Notifications": "Cov ntawv qhia",
    "Notification_Description": "Kev ceeb toom rau koj thaum koj xav txhuam koj cov hniav",
    "Brush_Your_Teeth": "Txhuam Koj Cov Hniav",
    "Time": "Sijhawm",
    "Notification_Title": "Kev Nco Khomob!",
    "Notification_Message": "Tsis txhob hnov ​​qab txhuam koj cov hniav tsawg kawg yog ob zaug rau ob feeb txhua lub sijhawm niaj hnub no!"
  },
  "Text": {
    "Select_Language": "Xaiv Lus",
    "Intro": "Txais tos rau Healthy Host!",
    "Description": "Kev pav qha",
    "Uses": "Siv",
    "Symptoms": "Muaj tsos mob xws li",
    "Treatment": "Kev kho",
    "FAQ": "FAQ",
    "Hours": "Caij nyoog",
    "Insurance": "Kev tuav pov hwm",
    "Languages": "Cov lus",
    "Cost_Treatment": "Tus nqi ntawm Kev Kho Mob",
    "Causes": "Ua rau",
    "Add_Info": "Lus Qha Ntxiv",
    "Now_Loading": "Tam sim no loading...",
    "Email_Err": "Thov koj nruab ib lub email app!",
    "Days": {
      "0": "Hnub Txhijcag",
      "1": "Hnub Tuamkeeb",
      "2": "Hnub Lwmkwm",
      "3": "Hnub Xabcaij",
      "4": "Hnub Xwmnyoog",
      "5": "Hnub Vwssij",
      "6": "Hnub Lwjhawm"
    },
    "Main_Menu_Choices": {
      "0": "Txoj Kev Noj Qab Haus Huv",
      "1": "Kev Noj Qab Haus Huv",
      "2": "Tom Qab",
      "3": "Title VI (NQI 6)",
      "4": "Xov xwm & Txheej xwm",
      "5": "Hu Rau Peb"
    },
    "Antibiotics_Menu_Choices": {
      "0": "Siv Tshuaj Tua Kab Mob",
      "1": "Amoxicillin",
      "2": "Azithromycin",
      "3": "Ceftriaxone",
      "4": "Cephalexin",
      "5": "Doxycycline",
      "6": "Erythromycin",
      "7": "Flucloxacillin",
      "8": "Levaquin",
      "9": "Metronidazole",
      "10": "Ofloxacin",
      "11": "Penecillin G"
    },
    "Diseases_Menu_Choices": {
      "0": "Tooth Decay",
      "1": "Gingivitis",
      "2": "Periodontitis",
      "3": "Tooth Loss",
      "4": "Oral Cancer"
    },
    "Illnesses_Menu_Choices": {
      "0": "Chlamydia",
      "1": "Ear Infection",
      "2": "H. Pylori",
      "3": "Impetigo",
      "4": "Lyme Disease",
      "5": "Mastitis",
      "6": "Mononucleosis",
      "7": "Necrotizing Fasciitis",
      "8": "Respiratory Syncytial Virus (RSV)",
      "9": "Strep Throat",
      "10": "Type 2 Herpes",
      "11": "Urinary Tract Infection",
      "12": "Valley Fever"
    },
    "Oral_Menu_Choices": {
      "0": "Cov kab mob",
      "1": "Cov lus tseeb",
      "2": "Nrhiav los tu cev",
      "3": "Cov Chaw Kho Hniav"
    },
    "General_Menu_Choices": {
      "0": "Tshuaj Tiv Thaiv Kab Mob",
      "1": "Kev Mob Kneeg",
      "2": "Lus nug rau koj tus kws kho mob",
      "3": "Tej Chaw Kho Mob"
    },
    "Facts_Menu_Choices": {
      "0": "Cov hniav thiab cov Gum Care",
      "1": "Mus ntsib tus kws kho hniav"
    }
  },
  "Antibiotics": {
    "0": {
      "Name": "Siv Tshuaj Tua Kab Mob",
      "Description": "Tej Yaam Tsis Txhob Ua Hais Txug Ntawm Cov Tshuaj Tiv thaiv Kab Mob",
      "Usage": {
        "0": "Yog thaum koj siv tsis haum",
        "1": "Yuav siv li cas"
      },
      "DO": {
        "0": "Nug koj tug kws khu mob seb tshuaj tiv thaiv kaab mob puas zoo (paab) koj los sis koj tsev neeg tej kev mob.",
        "1": "Nug koj tug kws khu mob txug cov kaab mob bacteria kws muaj yeej rua cov tshuaj tiv thaiv kab mob thiab seb koj tuaj yeem ua li cas thiaj li pab tiv thaiv kua nwg tsi txhob tso tshwm si ntxiv.",
        "2": "Nug koj tug kws khu mob sib puas yog nwg muab cov tshuaj kws koj yuav tsum tau ntawd rau koj xwb.",
        "3": "Nug koj tug kws khu mob seb tej tshuaj tiv thaiv nwg muab ntawv puas yog tej muaj zug kuas khu tau yug tug mob tsaws le has xwb.",
        "4": "Noj tshuaj tiv thaiv kab mob rua tej kaab mob bacterial infection kws yaam kaab mob ntawd yeej tshuaj ntxuam xyuas zoo zoo hab paub meej lawm hos tej  tshuaj tiv thaiv kaab mob ntawv yuav tsum yog kws khu mob sau ntawv yuav tshuaj raun yug xwb.",
        "5": "Siv tej tshuaj kom raws le kws khu mob has (qha). Noj tshuaj kom raws le qha hab raws caij xyoo le hais. Yuav tsum noj tshuaj kom pub sij hawm raws le kws koj tug kws khu-mob teev ntseg. Tsi ua raws le has lo ssis tseg tsi noj raws le has yuav thiv thaiv tsi tau kaab mob raws le kws khu-mob tau has. Txawm tas koj xis neeg me ntsis lawm los noj kuam koj cov tshuaj taag!"
      },
      "DONT": {
        "0": "TSI XOB quab yuam, los sis, nug  koj tug kws khu mob kom nug muab tshuaj tiv thaiv rua koj",
        "1": "TSI XOB noj tshuaj tiv thaiv kab mob thaum koj ua kub/ua no (ua npaws).",
        "2": "TSI XOB siv tshuaj tiv thaiv kab mob thaum muaj viral infection nwg tsi muaj kuab (pab tsis tau).",
        "3": "TSI XOB siv tshuaj tiv thaiv kab mob yog tas tsi tau tso cai lug ntawm tug kws khu mob.",
        "4": "TSI XOB faib tshuaj tiv thaiv kab mob nrug lwm twg tuab neeg los sis muab tej tshuaj ntawd lwm qho lug  kws tsis tau txo cai muag lug siv.",
        "5": "TSI XOB siv tshuaj tivb thaiv kaab mob vim yog koj nyob ze rua tug tuab neeg kws muaj mob."
      }
    },
    "1": {
      "Name": "Amoxicillin",
      "Description": "Tshuaj siv lug khu kaab mob kws nwg yog bacterial infection kws muaj rua ntawm pob ntseg, qhov ntswg, tawv qaj, hab plaws zig. Nwg yuav tiv thaiv xws le mob ntxws (bronchitis), mob ntsws muaj dlej (pneumonia), mob tug nru hab mob kaab si kis lug ntawv kev sib dee (gonorrhea).",
      "Uses": "Muaj mob plaab los sis mob hauv sab, thoj plaab, mob qhov ncauj los sis tej tawv nqaj, mob - zoo le ua npaws hab ua paa nyuaj.",
      "Add_Info": "http://apps.who.int/medicinedocs/en/d/Js5406e/16.1.html#Js5406e.16.1"
    },
    "2": {
      "Name": "Azithromycin",
      "Description": "Yaam tshuaj nuav siv lug dlaw tivthaiv mob pob tseg, tawv nqaj hab kev ua paa (respiratory bacterial infections).",
      "Uses": "Thoj plaab, txob, nqajtawv tshwm pob lab hab ua npaws.",
      "Add_Info": "http://apps.who.int/medicinedocs/en/d/Js2215e/9.4.html#Js2215e.9.4"
    },
    "3": {
      "Name": "Ceftriaxone",
      "Description": "Yaam tshuaj siv lug d tiv thaiv kom kaab mob bacteria tsi xob luj taus, nwg siv lug khu tug kab mob kis lug ntawm kev sib deev, gonorrhea, mob raws daim npluag hlwb tau hau (meningitis), mob pob ntseg, mob ntsws hab mob ntawm dlaim tawv nqaj.",
      "Uses": "Thoj plaab, mob taub hau, kiv taub hau hab tawm fws heev.",
      "Add_Info": "http://apps.who.int/medicinedocs/en/d/Js2215e/9.7.html#Js2215e.9.7"
    },
    "4": {
      "Name": "Cephalexin",
      "Description": "Yaam tshuaj siv lug khu, bacterial infection, kaab mob pob ntseg, mob hlaab sab ntsws hlaab ua paa, respiratory system, nqaj tawv, hab hlaab zig.",
      "Uses": "Yaam tsi zoo (teeb meem): Thoj plaab, mob plaab, ib ce no ntxiag hab ua npaws.",
      "Add_Info": "https://medlineplus.gov/druginfo/meds/a682733.html"
    },
    "5": {
      "Name": "Doxycycline",
      "Description": "Yaam tshuaj kws lug khu yam kaab mob, bacteria, kws ua pob ntxhau, mob nyuav, mob qhov muag, mob txeeb zig hab ua pob.",
      "Uses": "Nqu, tho jplaab, zig dlaaj (nro), mob tej pob qhi txhaa/tej leeg, mob taub hau hab kiv tau hau.",
      "Add_Info": "http://apps.who.int/medicinedocs/en/d/Jh2922e/2.5.8.html"
    },
    "6": {
      "Name": "Erythromycin",
      "Description": "Yaam tshuaj nuav siv lug paab kuam tej kaab mob, becteria, txhob luj ntxiv los sis tua kom tsi xob muaj kaab mob ntxiv le lawm.",
      "Uses": "Yaam tsi zoo (teeb meem): Ua npaws, tawv nqaj muaj pob lab, muaj mob plaab hab ntuav.",
      "Add_Info": "http://apps.who.int/medicinedocs/en/d/Jh2918e/23.4.html#Jh2918e.23.4"
    },
    "7": {
      "Name": "Flucloxacillin",
      "Description": "Yaam tshuaj siv lug khu mob pob tseg, taub ntswg , hab qaa. Nwg tseeg siv rau mob tug nru ha mob hlab sia hlab ntsws xws le ntsws muaj dlej.",
      "Uses": "Nqajtawv xoo pob lab, mob leeg/mob pob qhi txhaa, muaj teeb meem ntawm lub sab hab ua npaws.",
      "Add_Info": "https://drugs.webmd.boots.com/drugs/drug-200-Flucloxacillin.aspx"
    },
    "8": {
      "Name": "Levaquin",
      "Description": "Tshuaj siv lugku kaab mob (bacterial infection) nyob ntawm tawv nqaj, zaigzig, tsaum, hab lub tau kua xoo  (prostate), nwg kuj lug ntaus kaab mob xws le mob ntsws muaj dlej (pneumonia) hab mob ntsws (bronchitis).",
      "Uses": "Yuav mob heev, tej qhi txhaa txhaav, ndloog, xaab, hab teeb meem thau yug mus ke (txaav los sis ua zug)",
      "Add_Info": "https://www.webmd.com/drugs/2/drug-14492-8235/levaquin-oral/levofloxacin-oral/details"
    },
    "9": {
      "Name": "Metronidazole",
      "Description": "Yaam tshuaj nuav yuav siv lug tua, khu,  thaum muaj kaab mob nyob ntawm dlaim tawv nqaj, los sis nyob ntawm plaab, yaag teg yaag taws (tej pob qi txhaa), quas puj chaw mos (vagina) hab hlaab sab ntxws ua paa.",
      "Uses": "Tsi pum kev zoo (plooj qhov muag), tem pig toob, ua npaws, mob taub hau hab ntuav.",
      "Add_Info": "http://apps.who.int/medicinedocs/en/d/Js5406e/16.21.html#Js5406e.16.21"
    },
    "10": {
      "Name": "Ofloxacin",
      "Description": "Yaam tshuaj siv lug khu kaab mob (bacterial infection) xws le mob ntsws (bronchitis), kas cees (chlamydia, gonorrhea), nqaj tawv hab mob txeeb zig.",
      "Uses": "Thoj laab, kiv taub hau, nyob nyob ca le mob, qaub dlab peg, hab ua npaws.",
      "Add_Info": "http://apps.who.int/medicinedocs/en/d/Jh2988e/14.4.html#Jh2988e.14.4"
    },
    "11": {
      "Name": "Penecillin G",
      "Description": "Yaam tshuaj siv lug pab (khu) yaag kaab mob xws le mob npluag paaj hlwb (meningitis), mob kis lug ntawm kev sib deev (gonorrhea), hab syphilis.",
      "Uses": "Nqaj tawv xoo pob lab, tho jplaab, mob plaab, mob taub hau hab ua npaws.",
      "Add_Info": "http://www.drugs.com/alpha/a1.html"
    }
  },
  "Illnesses": {
    "0": {
      "Name": "Chlamydia",
      "Description": "Tshwm sim los ntawm kev sib deev tsis hais chaw mos los yog ntawm chaw tawm rooj. Tej thaum kuj yog kis los ntawm kev sib yaim thaum muaj kev ua niam txiv los yog muab tes kov qhov muag. Qee zaum cov pojniam uas xeeb menyuam, kuj kis tau mus rau nws tug menyuam rau lub caij uas nws los yug tug menyuam ntawd. Feem coob cov pojniam tsis paub yog lawv tau txais tug kab mob no lawm.",
      "Symptoms": "Mob plab; mob plaws zis; tshwm paj (pom muaj ntshav) ua ntej lub sijhawm coj khaub ncaws; ua npaws; hnov mob thaum muaj kev ua niam txiv; mob thaum tso zis thiab hnov mob kub lug; hauv tej chaw mos o lossis o rau ntawm qhov quav; hnov dim zis tshaj li txhua zaus, los yog zis tsw phem. Yog txiv neej muaj tug mob no lawm, kuj ua rau lawv mob plaws zis, ua paug los yog txia kua yig hauv txivneej qhov chaw mos los, noob qau o los yog qhov quav o. Nyob rau ntawm pojniam thiab txivneej, chlamydia yuav ua tau rau tej qhov quav khaus los yog los ntshav. Nwg kuj ua tau rau tib neeg thoj plab thiab tawm kua yig lossis ua paug. Thaum cov chlamydia kis tau rau qhov muag lawm, nws yuav liab, khaus, thiab liab muag. Thaum chlamydia kis tau rau yus lub caj pas lawm, nws yuav hnov mob. Chlamydia tsuas tshwm thaum sawv ntxov xwb, dhau ntawv lawm nws yuav mob me ntsi lawm xwb. Yog koj los yog koj tug txij nkawm muaj tej xwm xheej li hais no, yuav tsum tau mus cuag neb tug kws kho mob. Yog koj cev xeeb tub, nws yog ib yam tseem ceeb heev rau koj, koj thiaj paub pab koj tug kheej.",
      "Treatment": "Tsis tas yuav siv tshuaj antibiotics dabtsi.",
      "Add_Info": "https://www.cdc.gov/std/chlamydia/stdfact-chlamydia.htm"
    },
    "1": {
      "Name": "Ear Infection",
      "Description": "Yam mob no nws tshwm sim los ntawm kab mob bacteria lossis tej viruses uas thaum xub pib yog ua khaub thuas. Yuav muaj dej teev rau hauv qhov ntsej.",
      "Symptoms": "Nuws yuav muaj tsos mob xws li ua npaws, mob taub hau, los yog yuav mob ntau hnub. Yuav tsum tau noj los yog txhaj tshuaj antibiotics los pab.",
      "Treatment": "Feem ntau mas yuav zoo zuj zus li ntawm ib ob lub lim piam.",
      "Add_Info": "https://www.mayoclinic.org/diseases-conditions/ear-infections/symptoms-causes/syc-20351616"
    },
    "2": {
      "Name": "H. Pylori",
      "Description": "Yog ib yam kab mob uas ua rau tej kis plab lossis nre plab.",
      "Symptoms": "Nyob sab hauv yus lub plab mob los yog o.",
      "Treatment": "Qhov mob no yuav kho tau yog tua kom tag cov kab mob ces nus mam li zoo nus zuj zus. Thiab siv cov tshuaj tua kab lus tswj cov kab mob no.",
      "Add_Info": "https://www.mayoclinic.org/diseases-conditions/h-pylori/symptoms-causes/syc-20356171"
    },
    "3": {
      "Name": "Impetigo",
      "Description": "Impetigo yog ib yam kab mob ntawm daim tawv nqaj uas feem ntau pib thaum muaj kab mob bacteria. Feem ntau mas tshwm sim nyob ntawm tej daim tawv nqaij, nkag los ntawm tej tawv nqaj to lossis kos.",
      "Symptoms": "Tawm tej lub hlwv ua kaub puab daj nrog kua yig nyob ntawm tib neeg lub cev. Yog tias muab khawb lawm, yuav kis tau mus rau lwm qhov chaw ntawm yus lub cev. Muaj kis mus tau rau me nyuam yaus dua tej laus.",
      "Treatment": "Siv tshuaj antibiotics los pab.",
      "Add_Info": "http://apps.who.int/medicinedocs/en/d/Js5406e/9.2.html#Js5406e.9.2"
    },
    "4": {
      "Name": "Lyme Disease",
      "Description": "Yam kab mob no yog kis los ntawm cov tuv tom mos lwj lossis cov kauv uas muaj mob. Thaum muaj ib tug tuv tom tug mos lwj uas muaj mob es ho lo tau rau tus tib neeg lawm, qhov kab mob ntawd yuav kis rau tib neeg.",
      "Symptoms": "Mob lub mis, hnov no, nkees, ua kub ua no, xoo pob liab, txiv mis tawm kua yig, ua paug, los yog o.",
      "Treatment": "Siv tshuaj tiv thaiv kab mob antibiotics. Noj tej tshuaj tsis muaj kuab pes tsawg los pab kom nyob taus.",
      "Add_Info": "https://www.cdc.gov/lyme/toolkit/index.html"
    },
    "5": {
      "Name": "Mastitis",
      "Description": "Yam mob hu ua mastitis no tshwm sim tau rau ntawm pojniam lub mis rau lub caij uas nws pub mis rau nws tug menyuam noj thawj thawj 6 lub lim piam ntawd. Kev pab tau yog nqus cov kua mis tawm thiab siv tshuaj antibiotics los tiv thaiv.",
      "Symptoms": "Mob lub mis, hnov no, nkees, ua kub ua no, xoo pob liab, txiv mis tawm kua yig, ua paug, los yog o.",
      "Treatment": "Kev pab tau yog nqus cov kua mis tawm thiab siv tshuaj antibiotics los tiv thaiv.",
      "Add_Info": "https://www.mayoclinic.org/diseases-conditions/mastitis/symptoms-causes/syc-20374829"
    },
    "6": {
      "Name": "Mononucleosis",
      "Description": "Muaj lub npe hias tias mono lossis kab mob sib hnia.",
      "Symptoms": "Yam mob no yog kis los ntawm tej qaub ncaug.",
      "Treatment": "Nws yuav muaj tsos mob xws li ua npaws, mob tug nrhu qa, mob taub hau, thiab mob caj pas.",
      "Add_Info": "https://www.mayoclinic.org/diseases-conditions/mononucleosis/symptoms-causes/syc-20350328"
    },
    "7": {
      "Name": "Necrotizing Fasciitis",
      "Description": "Ib yam kab mob uas yog Bacterial Infections, kis rau ntawm tej daim tawv nqaj, tej nqaij rog, thiab tej leeg yam sai heev.",
      "Symptoms": "Nkees, tsis muaj zog, ua npaws thiab ua daus no, tawm hws, xeev siab, xeev ntuav, kiv taub hau, los yog tso zis heev heev",
      "Treatment": "Nkaug tshuaj tiv thaiv muaj zog antibiotics mus rau ntawm tej leeg, txiav tes taw tawm kom tsis txob kis tau mus rau lwm qhov chaw",
      "Add_Info": "http://apps.who.int/medicinedocs/en/d/Js5406e/9.2.html#Js5406e.9.2"
    },
    "8": {
      "Name": "Respiratory Syncytial Virus (RSV)",
      "Description": "Yam kab mob no kis rau huav lub ntsws thiab ntawm txoj hlab ua pa.",
      "Symptoms": "RSV yuav ua rau cov laus muaj khaub thuas me ntsis, tabsis yuav ua tau rau cov menyuam mos thiab cov neeg laus laus muaj mob nyhav.",
      "Treatment": "Nwg tsi muaj ib yam tshuaj los pab cuam tau, tabsis feem ntau tsuas yog mob li ib ob lub lim piam xwb.",
      "Add_Info": "https://www.mayoclinic.org/diseases-conditions/respiratory-syncytial-virus/symptoms-causes/syc-2035309"
    },
    "9": {
      "Name": "Strep Throat",
      "Description": "Strep throat yog ib yam kab mob bacterial infection nyob ntawm caj pas thiab tug nrhu",
      "Symptoms": "Mob qa, tej qhog caj dab o, mob thaum nqos quab ncaug, tug nrhu o, ua npaw, no ib ce, lossis tsis xis neej",
      "Treatment": "Siv antibiotics los pab.",
      "Add_Info": "https://medlineplus.gov/streptococcalinfections.html#summary"
    },
    "10": {
      "Name": "Type 2 Herpes",
      "Description": "Yog ib yam mob uas tawm hlwv rau ntawv qhov quav",
      "Symptoms": "Yam mob no yus yuav kis tau los ntawm tug neeg uas muaj HSV-2 yog koj tau nrog nws sib deev.",
      "Treatment": "Txawm hais tias tsis muaj kev daws tau yam mob no los, nws kuj muaj kev pab cuam kom tsis txob huam mob loj ntxiv.",
      "Add_Info": "https://www.cdc.gov/groupAstrep/index.html"
    },
    "11": {
      "Name": "Urinary Tract Infection",
      "Description": "Txoj hlab zis uas cov zis los rau ntawm lub zais zis tawm ntawm lub cev-nws nyob ze ntawm qhov quav (anus). Cov kab mob uas nyob ntawm txoj nyhuv loj, xws le E. coli, yuav nkag tau yooj yim rau ntawm lub qhov quav mus rau ntawm txoj hlab zis. Dlau ntawd lawm, nws yuav nkag mus rau ntawm lub zais zis, yog hais tias tsis kho tug mob no, nws yuav ua mob mus rau ntaum ob lub raum. Poj niam yog cov uas muaj tau yam mob no zoo yim dua vim lawv txoj hlab zis luv dua. Vim li no, tug kab mob thiaj li mus rau lub zais zis sai. Kev ua niam txiv lossis sib deev, los yeej ua tau muaj kab mob bacteria no rau ntawm txoj hlab zis thiab.",
      "Symptoms": "Yog xav paub seb puas yog UTI, yuav tau saib tej kev mob tswm sim raws li ntawm no: thaum tso zis, hnov kub lug, txawm tso zis tag lawm los yeej tseem zoo li yuav rov tso zis dua, hnov raub qaum thiab plab mog mob; cov zis dub dub thiab tsw pheem lossis tsw tau tug ntxhiab txawv txawv; hnov nkees lossis ib ce tshee tshee; ua npaws lossis hnov ib ce no no (Qhov no qhia tau hais tias tej kab mob kis mus txog koj ob lub raum lawm).",
      "Treatment": "N/A",
      "Add_Info": "https://www.mayoclinic.org/diseases-conditions/urinary-tract-infection/symptoms-causes/syc-20353447"
    },
    "12": {
      "Name": "Valley Fever",
      "Description": "Hom kab mob no tshwm sim los ntawm tej pwm uas nyob xyaw av, Coccidioides immitis. Cua yuav ntsawj tej noob lossis tej paj, thaum yus nqus tau rau hauv tej ntsws ces yuav rais mus ua ib tug mob",
      "Symptoms": "Yuav hnov mob rau ntawm hauv siab, ib ce no, nkees, ua npaws, ua qoob lossis ua pob liab, yuav mlogg zoo li ua pa tsis nto thiab poob pound.",
      "Treatment": "Muaj tshuaj pab cheem los yog tiv thaiv tug mob no. Tsis tas yuav siv tshuaj antibiotics dabtsi.",
      "Add_Info": "http://apps.who.int/medicinedocs/en/d/Js2215e/3.3.html#Js2215e.3.3"
    }
  },
  "FAQ": {
    "0": "Qhov tsawv ntawm bacterial hab viral infections yog dlaab tsi?",
    "1": "Yaam kws qha tau tas yog bacterial infections tsawv ntawm viral infections le caag?",
    "2": "Kev khu bacterial hab viral infection yog sib tsaws le caag?",
    "3": "Thaus twg kuv le siv tshuaj lug tiv thaiv kaab mob?  Puas muaj lwm yaam kws yug siv es tsis muaj teeb meem , lwm txuj kev paab (khu) tug mob tau?",
    "4": "Tej txhuaj tiv thaiv kaab mob yuav tsim teeb meem rua yug cov kab mob nyeg (cov bacteria ib txwm muaj) huv yug lub ceb li caag?",
    "5": "Kev siv tshuaj tiv thaiv kaab mob nwg puas muaj kev cuam txhuam txug lwm yaam tshuaj xws le tshuaj tsi xob pub muaj miv nyuas?",
    "6": "Yaam kaab mob twg kws twv cov  tshuaj  tiv thaiv kaab mob? Yog pheej siv tshuaj tib thaiv kaab mob puas ua tsua muaj teeb meem rov yaav pem suab txog kev kho tug mob bacterial infection? Yuav tiv thaiv tej nuav le caag?",
    "7": "Yuav noj peg tsawg ntsav (lub) thaus noj tshuaj tiv thaiv kaab mob? Nwg yuav siv ntev npaum le caag?",
    "8": "Puas ua le caag yog  kuv yuav tej tshuaj tiv thaiv kaab mob nuav qhov twg lov? Yog ua nuav, vim le caag?",
    "9": "Nwg puas txhum ntsuaj yog has tas kuv noj tshuaj nrug zaub mov los sis siv nrug dlej cawv?",
    "10": {
      "Multi_Part_Question": {
        "0": "Thaum noj tshuaj tiv thaiv kaab mob nrug lwm yam tshuaj...",
        "1": "Thaum siv tshuaj tiv thaiv kaab mob..."
      },
      "Parts": {
        "0": {
          "A": "Yaam tshuaj dlaab tsi kws  kuv yuav tsum cev  faaj thaum siv tshuaj tiv thaiv kaab mob?",
          "B": "Nwg puas muaj tej yaam tshuaj kws siv tsis tau thaus siv tshuaj tiv thaiv kaab mob?",
          "C": "Thaum peb noj ntau yaam tshuam lawm puas muaj tej yaam twv los sis ua mob rua yug tug kheej kws yuav tau faj seeb xyuas hab?"
        },
        "1": {
          "A": "Kuv puas yuav tsum noj mov ua ntej yuav noj tshuaj tiv thaiv kaab mob?",
          "B": "Kev siv tshuaj tiv thaiv kaab mob nuav yuav noj/siv  ntev npaum le caag?",
          "C": "Thaum twg tej tshuaj maam le ua hauj lwm? Ua caag es kuv txhaj le paub tas nwg ua hauj lwm?",
          "D": "Yog thaum paub tas zoo zog lawm, kuv puas tseem noj kom taag raws le teev tseg?",
          "E": "Nwg puas ua le caag yog tas kuv tsi noj raws le has (tseg tsis noj)?",
          "F": "Thaum kuv siv cov tshuaj tiv thaiv kaab mob lawm puas  muaj lwm yam kev mob tshwm sim kws kuv yuav tau ceev faaj/tsum kwm txug?"
        }
      }
    }
  },
  "Clinics": {
    "0": {
      "Name": "Merced Medical Clinic",
      "Address": "650 W. Olive Ave Site A, Merced, CA 95348",
      "Phone": "(209) 722-8047",
      "Hours": {
        "0": "Kaw",
        "1": "11 AM - 5 PM",
        "2": "Kaw",
        "3": "11 AM - 5 PM",
        "4": "11 AM - 5 PM",
        "5": "Kaw",
        "6": "9 AM - 12 PM"
      }
    },
    "1": {
      "Name": "Golden Valley Health Center",
      "Address": "127 W El Portal Drive Site B, Merced, CA 95348",
      "Phone": "(209) 381-4104",
      "Hours": {
        "0": "Kaw",
        "1": "8 AM - 5:30PM",
        "2": "8 AM - 5:30PM",
        "3": "8 AM - 5:30PM",
        "4": "8 AM - 5:30PM",
        "5": "8 AM - 5:30PM",
        "6": "Kaw"
      }
    },
    "2": {
      "Name": "V A Castle Medical Clinic",
      "Address": "340 E Yosemite Ave, Merced, CA 95340",
      "Phone": "(209) 381-0105",
      "Hours": {
        "0": "Kaw",
        "1": "8 AM - 5:30PM",
        "2": "8 AM - 5:30PM",
        "3": "8 AM - 5:30PM",
        "4": "8 AM - 5:30PM",
        "5": "8 AM - 5:30PM",
        "6": "8 AM - 5:30PM"
      }
    },
    "3": {
      "Name": "Planned Parenthood",
      "Address": "3166 Collins Drive, Merced, CA 95348",
      "Phone": "(209) 723-7751",
      "Hours": {
        "0": "9 AM - 5 PM",
        "1": "8 AM - 8 PM",
        "2": "8 AM - 8 PM",
        "3": "8 AM - 8 PM",
        "4": "8 AM - 8 PM",
        "5": "8 AM - 8 PM",
        "6": "Kaw"
      }
    },
    "4": {
      "Name": "Patients First Medical Center",
      "Address": "394 E Yosemite Ave, Merced, CA 95340",
      "Phone": "(209) 383-3990",
      "Hours": {
        "0": "9 AM - 5 PM",
        "1": "9 AM - 5 PM",
        "2": "9 AM - 5 PM",
        "3": "9 AM - 5 PM",
        "4": "9 AM - 5 PM",
        "5": "9 AM - 5 PM",
        "6": "9 AM - 5 PM"
      }
    },
    "5": {
      "Name": "Bloss Medical Clinic",
      "Address": "1251 Grove Ave Site A, Atwater, CA 95301",
      "Phone": "(209) 358-8425",
      "Hours": {
        "0": "Kaw",
        "1": "8 AM - 6 PM",
        "2": "8 AM - 6 PM",
        "3": "8 AM - 6 PM",
        "4": "8 AM - 6 PM",
        "5": "8 AM - 6 PM",
        "6": "Kaw"
      }
    },
    "6": {
      "Name": "A Family's Urgent Care",
      "Address": "2644 M Street, Merced, CA 95340",
      "Phone": "(209) 722-5308",
      "Hours": {
        "0": "Kaw",
        "1": "10 AM - 5:30 PM",
        "2": "10 AM - 5:30 PM",
        "3": "10 AM - 5:30 PM",
        "4": "10 AM - 5:30 PM",
        "5": "10 AM - 5:30 PM",
        "6": "Kaw"
      }
    },
    "7": {
      "Name": "Children and Family Medical Care",
      "Address": "1190 W Olive Ave, Unit L, Merced, CA 95340",
      "Phone": "(209) 722-0831",
      "Hours": {
        "0": "Kaw",
        "1": "8 AM - 5 PM",
        "2": "8 AM - 5 PM",
        "3": "8 AM - 5 PM",
        "4": "8 AM - 5 PM",
        "5": "8 AM - 5 PM",
        "6": "8 AM - 5 PM"
      }
    },
    "8": {
      "Name": "Fountain View Urgent Care",
      "Address": "374 W Olive Ave Site A, Merced CA 95348",
      "Phone": "(209) 384-5766",
      "Hours": {
        "0": "9 AM - 5:30 PM",
        "1": "8 AM - 8:30 PM",
        "2": "8 AM - 8:30 PM",
        "3": "8 AM - 8:30 PM",
        "4": "8 AM - 8:30 PM",
        "5": "8 AM - 8:30 PM",
        "6": "9 AM - 5:30 PM"
      }
    }
  },
  "Oral_Health": {
    "Facts": {
      "0": {
        "Title": "Txhuam",
        "Info": "Kev txhuam hniav yog txoj kab loj tiv thaiv ntawm lub qhov ncauj tsis zoo.\n\nKhais:\n\t• Txhuam cov hniav tsawg kawg 2 zaug hauv ib hnub\n\t• Tsom ntsoov rau txhuam kom ntev li 2 feeb\n\t• Txav Kev Txhuam Txhuam kom paub meej pem hauv ntej, nraub qaum, thiab saum cov hniav\n\t• Ua haujlwm ntawm kev sib faib cov hniav los ntawm cov chaw, xws li pem hauv ntej, sab laug, thiab sab xis kom ua tiav tu zoo\n\t• Txhuam koj tus nplaig tuaj yeem pab tshem tawm cov kab mob phem thiab ua pa dua\n\t• Txhaj Txhim Kho ntawm cov pos hniav kuj zoo Rau qhov lub qhov ncauj tawm ntawm qhov ncauj tawm\n\t• Lub plawv los ntawm cov pos hniav yog qhov qub yog tias tus neeg siv tsis tau txhuam lawv cov hniav ib ntus."
      },
      "1": {
        "Title": "Yav tas",
        "Info": "Pom zoo kom siv hlua dig hniav ib zaug ib hnub.\n\nKhais:\n\t• Tshem tawm li ntawm 18 ntiv ntawm cov hlua dig thiab cua nyob ib sab ntawm txhua tus tes kom cov hlua dig hniav nruj kom nruj heev\n\t• Tuav txoj hlua khi ntawm lub taub hau thiab tus ntiv tes\n\t• Tuav txoj hlua nias ntawm koj cov hniav uas siv cov lus sib dhos zoo los ua kom yooj yim\n\t• Thaum pib lub cev txoj hlab ntshav ntawm cov pos hniav yeej zoo li qub."
      },
      "2": {
        "Title": "Ncauj Mus Ntxuav",
        "Info": "Muaj ob lub ntsiab lus ntawm qhov ncauj tshuaj yaug:\n\n• Tshuaj pleev ib ce:\n\to Tsis muaj teebmeem dabtsi rau kev kho hniav\n\to Siv sijhawm ua tsis taus pa ua tsis zoo.\n\n• Kho mob:\n\to Txo cov quav hniav\n\to Ua kom tsis muaj kabmob\n\to Ua pa tsis zoo\n\to Kuab hniav ntev\n\to Alveolar osteitis (lub qhov ntswg qhuav)\n\to Mob ntshav qab zib\n\to Mob xuab moos\n\to Xerostomia (qhov ncauj qhuav)\n\to Qhov kev mob ntawm qhov ncauj"
      },
      "3": {
        "Title": "Noj cov zaub mov",
        "Info": "• Kev noj haus yog thawj kab kev tiv thaiv rau qhov ncauj kev noj qab haus huv, koj noj dab tsi yog qhov tseem ceeb npaum li cas koj tswj koj lub qhov ncauj.\n• Noj cov vitamins thiab minerals ua rau noj zaub mov zoo.\n\nQhov no tej zaum yuav muaj xws li:\n\t• Cov khoom noj uas muaj calcium ntau, xws li cov kua mis tsis muaj rog lossis yog rog tsis muaj rog, yogurt thiab cheese, cov kua dej qab zib muaj dej khov thiab taum, cov zaub txhwb qaib, almonds thiab cov zaub ntsuab ntsuab tuaj yeem pab txhawb cov hniav thiab cov pob txha.\n\t• Phosphorus pom hauv cov qe, ntses, nqaij ntshiv, khoom noj khoom haus, txiv ntseej thiab taum yog qhov zoo rau cov hniav uas muaj zog.\n\t• Cov Vitamin C txhawb kev mob nkeeg, yog li noj citrus txiv hmab txiv ntoo, txiv lws suav, kua txob, broccoli, qos yaj ywm thiab spinach."
      },
      "4": {
        "Title": "Koj yuav mus ntsib kws kho hniav ntau npaum cas?",
        "Info": "Kev mus ntsib kws kho mob li niaj zaus yuav tsum yog li ntawm txhua 6 lub hlis los txo qhov kis tau tus kab mob los yog tsis muaj teeb meem ntawm lub qhov ncauj."
      },
      "5": {
        "Title": "Rau Cov Menyuam",
        "Info": "Nws raug nquahu kom cov menyuam pom lawv tus kws kho hniav sai li sai tau thaum lawv thawj tus hniav tuaj, lossis lawv lub hnub yug thawj zaug."
      },
      "6": {
        "Title": "Rau Cov Neeg Laus",
        "Info": "Koj tus kws kho hniav yuav qhia koj ntau npaum li cas mus ntsib kws kho hniav nyob ntawm koj lub qhov ncauj mob. Tus neeg laus uas muaj qhov ncauj zoo huv lub cev yuav tau mus ntsib kws kho hniav ib zaug lossis ob zaug hauv ib xyoos, thaum ib tus neeg laus uas muaj teeb meem ntawm kev kho hniav ntau zaus yuav tau mus ntau zaus."
      },
      "7": {
        "Title": "Koj yuav tsum mus ntau zaus yog tias koj:",
        "Info": "\t• Kev haus luam yeeb (ua luam yeeb yuav ua rau cov kab mob kis hniav thiab/lossis mob cancer hauv lub qhov ncauj)\n\t• Yog tias cev xeeb tub (koj lub cev tso cov tshuaj hormones tuaj yeem ua kom mob)\n\t• Muaj ntshav qab zib (muaj teeb meem dua ntawm kab mob pos hniav thiab lwm yam teeb meem)\n\t• Koj muaj kab mob hauv lub plawv (kev mob hniav yog txuas rau kev mob plawv)\n\t• HIV zoo (kev pheej hmoo siab ntawm hniav lwj thiab kab mob)"
      },
      "8": {
        "Title": "Koj yuav tsum tau ntsib lossis hu rau tus kws kho hniav yog tias koj:",
        "Info": "\t• Taws hniav lossis mob pos hniav uas mob heev dua lossis tsis mus.\n\t• Muaj cov pos hniav uas muaj xim liab, o, los ntshav yooj yim.\n\t• Muaj ib qho mob hauv koj lub qhov ncauj uas tsis kho.\n\t• Muaj tus hniav rhiab kub, txias, lossis muaj kev nyuab siab.\n\t• Muaj qee yam tsis raug nrog koj qhov kev kho hniav qub.\n\t• Tsis ua li cas.\n\t• Muaj qhov ncauj qhuav txhua hnub.\n\t• Hnov mob los yog txhaj cov suab nrov hauv koj lub puab tsaig."
      }
    },
    "Good_Hygiene": {
      "0": {
        "Step": "Pib me nyuam ntxov",
        "Info": "• Ib ntawm plaub tus me nyuam yaus muaj kev paub txog hniav lwj ua ntej lawv pib kawm ntawv. \n• 50% ntawm txhua tus menyuam hnub nyoog 12 txog 15 xyoos muaj kab noj hniav. \n• 1/7 (13%) cov hluas uas muaj hnub nyoog 12 txog 19 xyoos muaj tsawg kawg yog ib qho tsis muaj qhov tsis muaj hniav lwj. \n• Pib txij li ob peb hnub tom qab yug los."
      },
      "1": {
        "Step": "Txhuam Thiab Txhuam Hniav",
        "Info": "• Ob zaug ib hnub rau tsawg kawg 2 feeb. \n• Yog tias koj xav tau, siv ib daig hlua khau mus txog 18 ntiv (inches), uas koj siv lub tshuab tshiab ob peb qho hniav tsis muaj reinserting cov kab mob uas koj nyuam qhuav tshem tawm."
      },
      "2": {
        "Step": "Fluoride",
        "Info": "• Cov kua roj kua dej ua hauj lwm los ntawm kev ua kom muaj cov tshuaj fluoride nyob rau sab nraud ntawm cov kaus hniav, qhov no ua kom cov tshuaj fluoride nce thaum lub sij hawm ntxov ntxov ntawm de-mineralization. \n• Cov tshuaj fluoride xws li cov tshuaj txhuam hniav, lub qhov ncauj yaug, thiab cov chaw ua haujlwm kho kaus hniav tau pom tias yuav txo tau cov kabmob (kab noj) ntawm 30% thiab 70% piv rau tsis muaj cov tshuaj fluoride."
      },
      "3": {
        "Step": "Paub tias thaum twg yuav pauv qhov txhuam hniav",
        "Info": "• Hloov cov txhuam hniav peb mus rau plaub zaus hauv ib lub xyoo - los yog sai dua yog tias cov bristles ua tsis raws cai los yog raug txhom. \n• Nco ntsoov yaug koj tus txhuam hniav nrog dej tom qab txhuam thiab khaws cia rau hauv txoj haujlwm ncaj ncaj. \n• Sim ua kom koj tus txhuam hniav cais ntawm lwm tus txhuam hniav hauv tib lub nrog rau kom tsis txhob kis tus kabmob."
      },
      "4": {
        "Step": "Yaug los yog Chew Gum Tom Qab Noj Mov",
        "Info": "• Lub zog ntawm txoj kev zom zom nce nce zuj zus hauv qhov ncauj; Yog hais tias noj mov tom qab noj mov, qhov nce cov kua qaub caws tuaj yeem pab ua kom tsis txhob muaj cov kua qaub uas tau ua thaum cov zaub mov tawg ntawm cov kab mob hauv cov quav hniav. \n• Cov pos hniav yog ib qho kev txhawm rau txhuam thiab hlua khi, tab sis cov zom zawg tsis hloov txhuam thiab hlua dig. \n• Cov kev tshawb fawb soj ntsuam tau pom hais tias cov zom qab tsis muaj suab thaj rau 20 feeb tom qab noj mov yuav pab tiv thaiv kom hniav lwj."
      },
      "5": {
        "Step": "Tsis txhob haus luam yeeb lossis Siv Luam Yeeb",
        "Info": "• Ua kom poob ntawm koj cov hniav ua ntej lub hnub nyoog 65 xyoos tseem nyuam qhuav txuam nrog 50% ntawm qhov kev pheej hmoo ntawm kev tuag ntawm txhua yam ua rau. \n• Yog tias koj haus luam yeeb lossis haus luam yeeb, lossis haus dej haus cawv, koj muaj feem yuav ua rau mob ntsws lossis mob qog nqaij hlav hauv lub qhov ncauj thiab cov kab mob pos hniav. \n• Cov neeg haus luam yeeb tshiab uas siv cov khoom tsis muaj haus luam yeeb yuav muaj kev ua pa tsw phem, xim daj-xim av ntawm lawv cov hniav thiab qhov ncauj qhov ncauj."
      },
      "6": {
        "Step": "Tsis txhob noj cov khoom noj uas muaj suab thaj/tswj tus nqi ntawm Qab Zib",
        "Info": "• Zam cov khoom qab zib uas nyob hauv koj lub qhov ncauj kom ntev, zoo li tawv, nplaum los yog chewy ntau hom khoom qab zib. \n• Muab cov khoom noj txom ncauj zoo, xws li cheese, txiv hmab txiv ntoo, yogurt, txiv laum huab xeeb, kua mis thiab cov nqaij tsis muaj suab thaj. \n• Txuag koj cov khoom qab zib kom kawg ntawm kev noj mov ua ntej hnub pib txhuam hniav, es hnub ntawd. \n• Hloov dej rau cov dej qab zib thiab kua txiv hmab txiv ntoo. \n• Nqaij kabmob hauv koj lub qhov ncauj digest cov zaub mov koj noj thiab tshwj xeeb yog pub rau hauv qab zib, ua cov acids uas yuav maj mam txhuam hniav txhuam hniav thiab ua kom hniav lwj."
      },
      "7": {
        "Step": "Mus ntsib ib tug kws kho hniav",
        "Info": "• Kev mus kuaj hniav tsis tu ncua yog qhov tseem ceeb vim tias lawv tuaj yeem pab tshawb tau cov teeb meem kev kho hniav ntxov ntxov thaum kho tau yooj yim thiab pheej yig dua. \n• Yog tias koj tsis muaj mob, koj tuaj yeem muaj teebmeem rau kev kho hniav uas tsuas yog ib tus kws kho hniav tuaj yeem kuaj xyuas. Kev mus kuaj mob tsis tu ncua kuj tseem tuaj yeem pab tiv thaiv teeb meem los ntawm kev tsim kho. \n• Qee tus neeg yuav tsum mus ntsib kws kho hniav ib zaug lossis ob zaug hauv ib xyoos, lwm tus yuav tsum tau mus xyuas ntau dua. Koj yog ib tus neeg tshwj xeeb, nrog kev luag nyav thiab kev xav tau tshwj xeeb thaum nws los ua kom koj lub ntsej muag luag."
      }
    },
    "Diseases": {
      "0": {
        "Name": "Tooth Decay (Cavities)",
        "Symptoms": "Tus hniav",
        "Causes": "Cov quav hniav yuav ua rau muaj hniav lwj thiab kab noj hniav. Cov kab mob ua rau muaj kev txhuam hniav ntawm cov kua qaub uas ua los ntawm cov kab mob uas nyob hauv cov quav hniav, nrog rau cov pos hniav thiab nyob rau hauv cov zom ntawm cov hniav. Noj cov zaub mov hauv cov carbohydrates ua rau cov kab mob ua kom muaj cov kua qaub uas yog lub luag hauj lwm los cuam tshuam txheej txheej ntawm tus hniav txha hniav los yog cov hauv paus hniav tuaj yoj.",
        "Treatment": "Txhua hnub txhuam hniav, hlua dig hniav, thiab yaug nrog tshuaj fluoride. Kev kho cov tshuaj fluoride tuaj yeem pab rov qab tau hniav txhuam hniav thiab cov kabmob uas thim rov qab tuaj yeem ua thaum ntxov. Cov phom sij thaum cov hniav lwj tau ploj mus dhau ntawm cov qib theem. Cov yas hniav yog rau ntau lwj lossis tsis muaj zog cov hniav, npaj los hloov tus hniav lub cev yas. Cov hauv paus hniav tuaj yeem kho thiab txuag cov kev puas tsuaj lossis tus kab mob kis rau thaum twg cov hniav lwj mus txog hauv cov ntaub ntawv ntawm cov hniav. Kev rho hniav rau cov hniav uas tau ua lwj loj heev lawv tsis tuaj yeem txum tim lossis tshem tawm.",
        "Cost_Treatment": "Nrog rau cov ntaub ntim, qhov nqi yog $50 txog $150 nyob ntawm seb koj puas xav tau nyiaj los yog dawb ntsaws."
      },
      "1": {
        "Name": "Gingivitis",
        "Symptoms": "Cov pos hniav/cov pos hniav, cov pos hniav ua tau yooj yim",
        "Causes": "Nws yog ib hom kab mob ntawm cov pos hniav. Cov kab mob ua rau mob ntawm cov pos hniav. Cov quav hniav ntev thiab cov pa sib tw ntev dua rau ntawm cov hniav qhov teeb meem ntau dua lawv. Tshwm sim ntawm cov kab mob thiab mob ntawm cov pos hniav thiab pob txha uas nyob ib ncig ntawm cov hniav. Cov kev mob nyhav xws li, mob ntshav qab zib, tsis muaj zog tiv thaiv kab mob, thiab lub cev tsis huv hauv lub qhov ncauj ua rau tus neeg muaj kev pheej hmoo los ntawm kev mob ntsws.",
        "Treatment": "Txhua hnub txhuam thiab hlua dig hniav, thiab tu txhua tus kws kho hniav. Yog tias tsis kam kho, cov pob txha uas pab txhawb cov hniav tuaj yeem poob, thiab cov pos hniav yuav kis tau. Nws thiaj li ua rau cov hniav poob vim qhov tsis muaj pob txha yug.",
        "Cost_Treatment": "Tus nqi txhuam hniav, tshuaj txhuam hniav, siv hlua dig hniav thiab/los yog ua tau txhua txhua hnub los ntawm $4-$75."
      },
      "2": {
        "Name": "Periodontitis",
        "Symptoms": "Cov pos hniav o, los ntshav cov pos hniav, poob hniav",
        "Causes": "Thaum mob gingivitis tsis kho, nws tuaj yeem ua ntej rau cov kab mob (uas txhais tau tias tus kab mob nyob ib ncig ntawm tus hniav). Cov pos hniav rub tawm ntawm cov hniav thiab daim ntawv hu ua \"hnab ris\" uas kis mob. Cov no yog cov kab mob uas ua rau mob pos hniav thiab pob txha uas tuav cov hniav nyob rau hauv qhov chaw. Yog tias tsis kho, cov pob txha, cov pos hniav, thiab cov ntaub so ntswg uas pab txhawb cov hniav tuaj yeem raug rhuav tshem. Cov hniav nws thiaj li yuav xoob thiab yuav tsum tau muab tshem tawm.",
        "Treatment": "Yuav tsum mus rau thiab ua tau los ntawm ib tug kws tshaj lij. Lawv yuav txiav txim siab seb yuav tsum ua li cas, tsis hais ib qho kev kho mob li cas los yog kev kho mob phais.",
        "Cost_Treatment": "Tus nqi rau kev kho mob Gingivitis nws txawv nrog qhov mob ntawm tus kab mob no nws pib ntawm $75 - $3,600."
      },
      "3": {
        "Name": "Tooth Loss",
        "Symptoms": "Cov pos hniav o, los ntshav cov pos hniav, poob hniav",
        "Causes": "Feem ntau tshwm sim los ntawm cov kab noj hniav thiab kab mob ntsws uas nws cuam tshuam rau lub hnub nyoog 65-74.",
        "Treatment": "Txhuam txhuam koj cov hniav, hlua dig hniav, thiab yaug nrog tshuaj fluoride thiab tshuaj tiv thaiv antiseptic txhua hnub.",
        "Cost_Treatment": "Tus nqi ntawm kev kho hniav tsis pom muaj qhov txawv ntawm qhov uas tus hniav pib ntawm $300 - $1,000."
      },
      "4": {
        "Name": "Oral Cancer",
        "Symptoms": "Mob nqos, mob hauv qhov ncauj lossis pob ntseg",
        "Causes": "Kev coj cwj pwm coj zoo li tob tob, haus cawv txhua yam.",
        "Treatment": "Kev paub ntxov ntxov, kev phais hauv lub qhov ncauj thiab kev kho hluav taws xob.",
        "Cost_Treatment": "Nws nyob ntawm seb tus mob cancer yog dab tsi; nws yuav mus rau ntawm $60,000 thiab tshuaj chemo yuav yog $15,000 - $20,000 duas las rau ib hlis twg."
      }
    },
    "Dentist_Locations": {
      "0": {
        "Name": "ABC Dental Group",
        "Address": "505 W 20th St. Merced, CA 95340",
        "Phone": "(209) 725-2980",
        "Insurance": "Most PPO and Medi-Cal",
        "Hours": {
          "0": "Kaw",
          "1": "9 AM - 5 PM",
          "2": "9 AM - 5 PM",
          "3": "9 AM - 5 PM",
          "4": "9 AM - 5 PM",
          "5": "9 AM - 5 PM",
          "6": "Kaw"
        },
        "Languages": "English and Spanish"
      },
      "1": {
        "Name": "Sylvania Dental",
        "Address": "1132 Olivewood Dr, Merced, CA 93548",
        "Phone": "(209) 722-2435",
        "Insurance": "Cigna, Most PPO plans, and Blue Shield",
        "Hours": {
          "0": "Kaw",
          "1": "9 AM - 5 PM",
          "2": "9 AM - 5 PM",
          "3": "9 AM - 5 PM",
          "4": "9 AM - 5 PM",
          "5": "9 AM - 5 PM",
          "6": "Kaw"
        },
        "Languages": "Spanish, English, and Chinese"
      },
      "2": {
        "Name": "Dr. Chang Family Dentistry",
        "Address": "2448 M St. Merced, CA 95340",
        "Phone": "(209) 383-0811",
        "Insurance": "Medical, most private insurances, and no insurance",
        "Hours": {
          "0": "Kaw",
          "1": "8 AM - 6:30 PM",
          "2": "8 AM - 6:30 PM",
          "3": "8 AM - 6:30 PM",
          "4": "8 AM - 6:30 PM",
          "5": "Kaw",
          "6": "Kaw"
        },
        "Languages": "Spanish and English"
      },
      "3": {
        "Name": "Joao F. Chang DDS & Thida Mahasucon DDS",
        "Address": "2534 M St. Merced, CA 95340",
        "Phone": "(209) 723-3071",
        "Insurance": "Most PPO plans, Medi-Cal, and no HMO",
        "Hours": {
          "0": "Kaw",
          "1": "Kaw",
          "2": "6:30 AM - 6:30 PM",
          "3": "9 AM - 6:30 PM",
          "4": "6:30 AM - 6:30 PM",
          "5": "6:30 AM - 6:30 PM",
          "6": "Kaw"
        },
        "Languages": "Spanish and English"
      },
      "4": {
        "Name": "Castaneda Fassioli Dental Corp",
        "Address": "3385 G St. Site B, Merced, CA 95340",
        "Phone": "(209) 626-4500",
        "Insurance": "Most PPO plans, and Medi-Cal",
        "Hours": {
          "0": "Kaw",
          "1": "8:30 AM - 5 PM",
          "2": "8:30 AM - 5 PM",
          "3": "8:30 AM - 5 PM",
          "4": "8:30 AM - 5 PM",
          "5": "8:30 AM - 5 PM",
          "6": "Kaw"
        },
        "Languages": "Spanish and English"
      },
      "5": {
        "Name": "Von Goodin, DDS",
        "Address": "830 W Olive Ave, Merced CA 95348",
        "Phone": "(209) 384-3434",
        "Insurance": "Most PPO and Medi-Cal",
        "Hours": {
          "0": "Kaw",
          "1": "8 AM - 5 PM",
          "2": "8 AM - 5 PM",
          "3": "8 AM - 5 PM",
          "4": "8 AM - 5 PM",
          "5": "Kaw",
          "6": "Kaw"
        },
        "Languages": "Spanish and English"
      },
      "6": {
        "Name": "Western Dental Inc.",
        "Address": "1124 W Olive Ave, Site 101 Merced, CA 95348",
        "Phone": "(209) 383-2186",
        "Insurance": "Most PPO, private and Medi-Cal",
        "Hours": {
          "0": "Kaw",
          "1": "9 AM - 7 PM",
          "2": "9 AM - 7 PM",
          "3": "9 AM - 7 PM",
          "4": "9 AM - 7 PM",
          "5": "9 AM - 7 PM",
          "6": "8 AM - 4:30 PM"
        },
        "Languages": "English, Spanish, and sign language with appointment"
      },
      "7": {
        "Name": "Megally Ahmed Dental (Apple Dental)",
        "Address": "3311 M St. Merced, CA 95348",
        "Phone": "(209) 722-9411",
        "Insurance": "Mostly only PPO, Medi-Cal only for children or (when instructed for adults)",
        "Hours": {
          "0": "Kaw",
          "1": "8 AM - 1 PM, 2PM - 5PM",
          "2": "8 AM - 1 PM, 2PM - 5PM",
          "3": "8 AM - 1 PM, 2PM - 5PM",
          "4": "8 AM - 1 PM, 2PM - 5PM",
          "5": "8 AM - 1 PM, 2PM - 5PM",
          "6": "Kaw"
        },
        "Languages": "English and Spanish"
      },
      "8": {
        "Name": "Yosemite Dental Jun Ho Lee DDS",
        "Address": "360 E Yosemite Ave Suite 400, Merced, CA 95340",
        "Phone": "(209) 723-5448",
        "Insurance": "Delta Dental, Guardian, Humana, MetLife, Americas, Cigna Dental, Aetna, Careington, most PPO dental plans",
        "Hours": {
          "0": "Kaw",
          "1": "8 AM - 5 PM",
          "2": "8 AM - 5 PM",
          "3": "9 AM - 1 PM",
          "4": "8 AM - 5 PM",
          "5": "9 AM - 1 PM",
          "6": "Kaw"
        },
        "Languages": "English"
      },
      "9": {
        "Name": "Central California Dental Surgicenter",
        "Address": "3605 Hospital Ave, Atwater CA 95301",
        "Phone": "(209) 381-2047",
        "Insurance": "MediCal, Anthem Blue Cross, Private, DPO; Don't accept HMOs and PPOs",
        "Hours": {
          "0": "Kaw",
          "1": "Kaw",
          "2": "6:30 AM - 4 PM",
          "3": "6:30 AM - 4 PM",
          "4": "6:30 AM - 4 PM",
          "5": "6:30 AM - 4 PM",
          "6": "Kaw"
        },
        "Languages": "English and Spanish"
      },
      "10": {
        "Name": "Atwater Family Dental",
        "Address": "596 Bellevue Rd, Atwater CA 95301",
        "Phone": "(209) 358-0800",
        "Insurance": "Private(cash), PPO; Don't accept MediCal or HMO",
        "Hours": {
          "0": "Kaw",
          "1": "8 AM - 5 PM",
          "2": "8 AM - 5 PM",
          "3": "8 AM - 5 PM",
          "4": "8 AM - 5 PM",
          "5": "Kaw",
          "6": "Kaw"
        },
        "Languages": "English and Spanish"
      },
      "11": {
        "Name": "Myriam Defay DDS Inc.",
        "Address": "2665 Alabama St, Atwater, CA 95301",
        "Phone": "(209) 358-1577",
        "Insurance": "All PPO plans; age 16 and under",
        "Hours": {
          "0": "Kaw",
          "1": "8 AM - 5 PM",
          "2": "8 AM - 5 PM",
          "3": "8 AM - 5 PM",
          "4": "8 AM - 5 PM",
          "5": "8 AM - 12 PM",
          "6": "Kaw"
        },
        "Languages": "English and Spanish"
      },
      "12": {
        "Name": "Hilmar Dental",
        "Address": "19901 1st St Site 3, Hilmar, CA 95324",
        "Phone": "(209) 668-0101",
        "Insurance": "PPO",
        "Hours": {
          "0": "Kaw",
          "1": "8 AM - 5 PM",
          "2": "8 AM - 5 PM",
          "3": "8 AM - 5 PM",
          "4": "8 AM - 5 PM",
          "5": "8 AM - 3 PM",
          "6": "Kaw"
        },
        "Languages": "English, Spanish and Portuguese"
      },
      "13": {
        "Name": "Dino Smiles Children’s Dentistry",
        "Address": "1128 Commerce Ave, Atwater, CA 95301",
        "Phone": "(209) 812-4311",
        "Insurance": "PPO, Dental Cal (MediCal)",
        "Hours": {
          "0": "Kaw",
          "1": "8 AM - 5 PM",
          "2": "8 AM - 5 PM",
          "3": "8 AM - 5 PM",
          "4": "8 AM - 2 PM",
          "5": "Kaw",
          "6": "Kaw"
        },
        "Languages": "English and Spanish"
      },
      "14": {
        "Name": "Precision Family Dentistry of Atwater",
        "Address": "1095 N Winton Way, Atwater, CA 95301",
        "Phone": "(209) 358-5485",
        "Insurance": "PPO",
        "Hours": {
          "0": "Kaw",
          "1": "8 AM - 5 PM",
          "2": "8 AM - 5 PM",
          "3": "8 AM - 5 PM",
          "4": "8 AM - 5 PM",
          "5": "8 AM - 12 PM",
          "6": "Kaw"
        },
        "Languages": "English and Spanish"
      },
      "15": {
        "Name": "Donald J. Bekedam Inc.",
        "Address": "2665 Alabama St, Atwater, CA 95301",
        "Phone": "(209) 358-1577",
        "Insurance": "PPO, Dental Cal (MediCal): 16 and under",
        "Hours": {
          "0": "Kaw",
          "1": "8 AM - 5 PM",
          "2": "8 AM - 5 PM",
          "3": "8 AM - 5 PM",
          "4": "8 AM - 5 PM",
          "5": "8 AM - 1 PM",
          "6": "Kaw"
        },
        "Languages": "English and Spanish"
      },
      "16": {
        "Name": "Dr. Emad Huwaidi",
        "Address": "2671 Alabama St, Atwater, CA 95301",
        "Phone": "(209) 358-7146",
        "Insurance": "All plans, except HMO’s",
        "Hours": {
          "0": "Kaw",
          "1": "9 AM - 3 PM",
          "2": "8 AM - 5 PM",
          "3": "9 AM - 3 PM",
          "4": "8 AM - 5 PM",
          "5": "9 AM - 3 PM",
          "6": "Kaw"
        },
        "Languages": "English, Spanish & Arabic"
      },
      "17": {
        "Name": "Dr. Loretta Y. Say, DMD",
        "Address": "325 E Bellevue Rd, Atwater, CA 95301",
        "Phone": "(209) 358-1501",
        "Insurance": "All including (Medi-cal)",
        "Hours": {
          "0": "Kaw",
          "1": "Kaw",
          "2": "6 AM - 6 PM",
          "3": "6 AM - 6 PM",
          "4": "9 AM - 6 PM",
          "5": "Kaw",
          "6": "Kaw"
        },
        "Languages": "English, Spanish, & Chinese"
      },
      "18": {
        "Name": "Livingston Dental Group",
        "Address": "1648 Joseph St. Livingston, CA 95334",
        "Phone": "(209) 394-8090",
        "Insurance": "PPO",
        "Hours": {
          "0": "Kaw",
          "1": "7:45 AM - 4:45 PM",
          "2": "6:45 AM - 3:30 PM",
          "3": "6:45 AM - 3:30 PM",
          "4": "7:45 AM - 4:45 PM",
          "5": "6:45 AM - 3:30 PM",
          "6": "Kaw"
        },
        "Languages": "Vietnamese, Spanish, English, and Tagalog"
      },
      "19": {
        "Name": "Suave Dental, Momani DDS",
        "Address": "706 Main St, Livingston, CA 95334",
        "Phone": "(209) 535-9933",
        "Insurance": "PPO and MediCal",
        "Hours": {
          "0": "Kaw",
          "1": "Kaw",
          "2": "9 AM - 6 PM",
          "3": "9 AM - 6 PM",
          "4": "9 AM - 6 PM",
          "5": "9 AM - 6 PM",
          "6": "9 AM - 5 PM"
        },
        "Languages": "Spanish and English"
      },
      "20": {
        "Name": "Benjamin J. Seaton, DDS",
        "Address": "816 2nd St, Los Banos, CA 93635",
        "Phone": "(209) 826-8100",
        "Insurance": "Delta Dental Premier plan. No PPO plans.",
        "Hours": {
          "0": "Kaw",
          "1": "8 AM - 5:30 PM",
          "2": "8 AM - 5:30 PM",
          "3": "8 AM - 5:30 PM",
          "4": "8 AM - 5:30 PM",
          "5": "8 AM - 3 PM",
          "6": "Kaw"
        },
        "Languages": "English and Spanish"
      },
      "21": {
        "Name": "Sierra Dental Group",
        "Address": "1989 E Pacheco Blvd Site I, Los Banos, CA 93635",
        "Phone": "(209) 826-8600",
        "Insurance": "PPO Plans",
        "Hours": {
          "0": "Kaw",
          "1": "10 AM - 7 PM",
          "2": "10 AM - 7 PM",
          "3": "10 AM - 7 PM",
          "4": "8 AM - 5 PM",
          "5": "10 AM - 7 PM",
          "6": "9 AM - 1 PM"
        },
        "Languages": "English and Spanish"
      },
      "22": {
        "Name": "Ronald A. Carter DDS & Jeffery M. Carter DDS",
        "Address": "1317 S. 6th St., Los Banos, CA 93635",
        "Phone": "(209) 826-5732",
        "Insurance": "Multiple insurance plans including Guardian Dental, Dental Network of America, and Ameritas",
        "Hours": {
          "0": "Kaw",
          "1": "8 AM - 12 PM, 1 PM - 5 PM",
          "2": "8 AM - 12 PM, 1 PM - 5 PM",
          "3": "8 AM - 12 PM, 1 PM - 5 PM",
          "4": "8 AM - 12 PM, 1 PM - 5 PM",
          "5": "8 AM - 12 PM",
          "6": "Kaw"
        },
        "Languages": "English"
      },
      "23": {
        "Name": "Family Dental Care",
        "Address": "1112 Main St, Livingston, CA 95334",
        "Phone": "(209) 394-8383",
        "Insurance": "Accept private insurance, no MediCal",
        "Hours": {
          "0": "Kaw",
          "1": "8 AM - 5 PM",
          "2": "8 AM - 5 PM",
          "3": "8 AM - 5 PM",
          "4": "8 AM - 5 PM",
          "5": "8 AM - 5 PM",
          "6": "Kaw"
        },
        "Languages": "Spanish"
      },
      "24": {
        "Name": "Main Street Dental",
        "Address": "1314 S. 6th St, Los Banos, CA 93635",
        "Phone": "(209) 827-9226",
        "Insurance": "All except medical",
        "Hours": {
          "0": "Kaw",
          "1": "9 AM - 6 PM",
          "2": "8:30 AM - 5:30 PM",
          "3": "8:30 AM - 5 PM",
          "4": "8 AM - 5 PM",
          "5": "8 AM - 12 PM",
          "6": "Kaw"
        },
        "Languages": "English"
      },
      "25": {
        "Name": "Family and Cosmetic Dentistry",
        "Address": "1402 California Ave, Dos Palos, CA 93620",
        "Phone": "(209) 392-6166",
        "Insurance": "Ameritas, Gaurdian, and United Healthcare – Delta Dental Premier",
        "Hours": {
          "0": "Kaw",
          "1": "8 AM - 5 PM",
          "2": "8 AM - 5 PM",
          "3": "8 AM - 5 PM",
          "4": "8 AM - 5 PM",
          "5": "8 AM - 2 PM",
          "6": "Kaw"
        },
        "Languages": "English"
      },
      "26": {
        "Name": "Singh Dental Care",
        "Address": "1472 B St, Livingston, CA 95334",
        "Phone": "(209) 394-5175",
        "Insurance": "Contact for more info",
        "Hours": {
          "0": "Kaw",
          "1": "8:30 AM - 5:30 PM",
          "2": "Kaw",
          "3": "8 AM - 2 PM",
          "4": "Kaw",
          "5": "8:30 AM - 5:30 PM",
          "6": "8 AM - 4 PM"
        },
        "Languages": "English"
      }
    }
  },
  "Settings": {
    "Links": {
      "0": "https://bpac.org.nz/",
      "1": "https://www.emedicinehealth.com/script/main/hp.asp",
      "2": "https://health.mo.gov/",
      "3": "https://www.webmd.com/",
      "4": "https://www.livestrong.com/",
      "5": "https://www.nlm.nih.gov/",
      "6": "https://www.drugs.com/",
      "7": "https://www.cdc.gov/"
    },
    "Background": "Koom HuTsev Nyaab Xeeb (Healthy House), ib lub koomhum kws lug qha txug kev txais lug rua saab healthcare, yog lug paab cuam rua kev no jqaab haus huv ntawm lub zej zog huv lub Loom taj California, nwg yog ib lub nroog kws muaj ntau hom tuab neeg tshaaj plawg ntawm lub teb chaw nuav. \n\nNwg yog lub tswv cuab, nrug rua UC Engineering hab Project Protect student groups , kws tsim tau muaj ib qho kev qha (application) lug nthuav txug tej teeb meem kev siv tshuaj yuam kev hab siv tsis raw le has. \n\nTej sawv dlhawg siv tshuaj tiv thaiv kab mob tsis raws le has (siv ntau dlau lawm) rau thaum muaj mob ua yog viral infection, kws tej tshuaj paab tsis tau. Qhov nuav yuav tau siv tej tshuaj kom muaj zug dlua los si siv ntau dlua lug khu tej mob thaum muaj cov (bacteria infection). Qhov nuav yog ua kom haaj yaam muaj teeb meem ntxiv.  Tsis taag le ntawd, tej kev siv tshuaj tivthaiv kab mob (antibiotics) naj nub nua siv tsi raws le has. Pev txwv le, Yog tug tuab neeg mob ntawd tsi noj tshuaj raws le has tseg tes yuav ua rua tej kev mob nkeeg tsi xaam, nwg tug mob yuav tsis zoo tu qaab. Dlhau le ntawd, tej tshuaj kws suav dlawg naj nub yuav yaas tsi muaj ntaub ntawv, tsis raug cai,los yog ib qho teeb meem quas qeeg. Tej tshuaj ntawd ib qho nwg muaj zug dlhau los sis nwg tsi yog siv lug rua qhov kws nwg mob ntawd. \n\nYog le ntawd, vaam hab ca-sab tas qhov ‘app’ nuav yuav paab dlaw tau tej teeb meem kev siv tshuaj tiv thaiv kab mob (antibiotic) hab yuav ua le caag txhaj le paub cuam tau."
  },
  "Title_VI": "Muaj ntau yam cai tsis hais Federal los yog State yuav kom muaj kev koom tes rau sab kev hais lus kom muaj kev sib to taub. Yam tshwj xeeb tshaj, U.S. Department of Health and Human Services Office for Civil Rights (OCR) xav kom tag nrho cov neeg ua tau txais nyiaj txiag ua kom raws txoj cai los the Nai 6 (Title VI) uas yog the Civil Rights Act nyob rau xyoo 1964. Kev koom tes no yog txwv tsis pub muaj kev saib tsis taus lwm haiv neeg, xws li tsis muaj kev ncaj ncees rau sab kev hais lus rau cov neeg uas tsis paub lus Askiv lossis Limited English Proficiency (LEP). Yog xav tau neeg txhais lus, hu rau Healthy House: (209) 724-0102. Yog xav paub txog tsab cai Nqi 6 (Title VI) hu tau rau (800) 242-2752 lossis hu tau mus rau lawv qhov chaw uas yog Office of Civil Rights (415) 437-8310"
}